SANDYGEL1;Sandy Mac en Gel 200gr;ALGEL02
POCHAGEL1;La Pocha en Gel 200gr;ALGEL02
SANDYGEL2;Sandy Mac en Gel 500gr;ALGEL05
POCHAGEL2;La Pocha en Gel 500gr;ALGEL05
DESPOET11;Desinfectante Poet Sabor Lavanda 150ml;DES0150
DESFABU11;Desinfectante Fabuloso Sabor Lavanda 150ml;DES0150
DESGLAD11;Desinfectante Glade Sabor Lavanda 150ml;DES0150
DESPOET21;Desinfectante Poet Sabor Lavanda 500ml;DES0500
DESFABU21;Desinfectante Fabuloso Sabor Lavanda 500ml;DES0500
DESGLAD21;Desinfectante Glade Sabor Lavanda 500ml;DES0500
JABDOVE01;Jabon Dove Suave x1;JABX001
JABPROT01;Jabon Protex x1;JABX001
JABASTR01;Jabon Astral x1;JABX001
JABPALM01;Jabon Palmolive x1;JABX001
JABDOVE02;Jabon Dove Suave x5;JABX005
JABPROT02;Jabon Protex x5;JABX005
JABASTR02;Jabon Astral x5;JABX005
JABPALM02;Jabon Palmolive x5;JABX005
HIPOCL001;Hipoclorito Tipo A 1lt;HIPOC10
HIPOCL002;Hipoclorito Tipo A 5lt;HIPOC50
GALACURA1;Gasas La curativa x30;GASX030
GALATRUL1;Gasas La trululu x30;GASX030
GALACURA2;Gasas La curativa x100;GASX100
GALATRUL2;Gasas La trululu x100;GASX100
PHHIGIE01;Ph Higienol x4;PHX0004
PHNOBLE01;Ph Noble x4;PHX0004
PHSUSSE01;Ph Sussex x4;PHX0004
PHHIGIE02;Ph Higienol x8;PHX0008
PHNOBLE02;Ph Noble x8;PHX0008
PHSUSSE01;Ph Sussex x8;PHX0008
PHNOBLE03;Ph Noble x12;PHX0012
AGOXQT001;Agua Oxigenada 'QuitaTodo' 100ml;AGOX001
AGOXQT002;Agua Oxigenada 'QuitaTodo' 250ml;AGOX002
AGOXQT003;Agua Oxigenada 'QuitaTodo' 500ml;AGOX005
RESPART00;Respirador Artesanal;RESP001
RESPFULL0;Respirador ultra fullpower;RESP001
